ID,API Provider,Model,Context Window,Function Calling,JSON Mode,License,OpenAI Compatible,API ID,Intelligence - Artificial Analysis Intelligence Index,Intelligence - Terminal-Bench Hard (Agentic Coding & Terminal Use,Intelligence - 𝜏²-Bench Telecom (Agentic Tool Use),Intelligence - AA-LCR (Long Context Reasoning),Intelligence - Humanitys Last Exam (Reasoning & Knowledge),Intelligence - MMLU-Pro (Reasoning & Knowledge),Intelligence - GPQA Diamond (Scientific Reasoning),Intelligence - LiveCodeBench (Coding),Intelligence - SciCode (Coding),Intelligence - IFBench (Instruction Following),Intelligence - AIME 2025 (Competition Math),"Price - Blended
USD/1M Tokens","Price - Input Price
USD/1M Tokens","Price - Output Price
USD/1M Tokens","Speed - Median
Tokens/s","Speed - P5
Tokens/s","Speed - P25
Tokens/s","Speed - P75
Tokens/s","Speed - P95
Tokens/s","Latency - Median
First Chunk (s)","Latency - First Answer
Token (s)","Latency - P5
First Chunk (s)","Latency - P25
First Chunk (s)","Latency - P75
First Chunk (s)","Latency - P95
First Chunk (s)","Total
Response Time (s)","Reasoning
Time (s)"
1,OpenAI,GPT-5 Codex (high),400k,Yes,Yes,Proprietary,Yes,gpt-5-codex,68,36%,87%,69%,26%,87%,84%,84%,41%,74%,99%,$3.44 ,$1.25 ,$10.00 ,172,136,152,191,207,40.71,40.71,36.42,38.32,43.09,45,43.62,N/A
2,OpenAI,GPT-5 (high),400k,Yes,Yes,Proprietary,Yes,gpt-5-2025-08-07,68,31%,85%,76%,27%,87%,85%,85%,43%,73%,94%,$3.44 ,$1.25 ,$10.00 ,104,77,89,119,131,115.55,115.55,109.23,112.04,119.06,121.87,120.36,N/A
3,OpenAI,GPT-5 (medium),400k,Yes,Yes,Proprietary,Yes,gpt-5-2025-08-07,66,36%,87%,73%,24%,87%,84%,70%,41%,71%,92%,$3.44 ,$1.25 ,$10.00 ,116,90,96,145,171,66.44,66.44,43.58,50.4,79.98,80.81,70.74,N/A
4,Microsoft Azure,GPT-5 (medium),400k,Yes,Yes,Proprietary,Yes,gpt-5,66,36%,87%,73%,24%,87%,84%,70%,41%,71%,92%,$3.44 ,$1.25 ,$10.00 ,204,204,204,204,204,42.01,42.01,42.01,42.01,42.01,42.01,44.46,N/A
5,Microsoft Azure,o3,200k,Yes,No,Proprietary,Yes,o3-global-standard,65,35%,81%,69%,20%,85%,83%,81%,41%,71%,88%,$3.50 ,$2.00 ,$8.00 ,80,80,80,93,103,27.25,27.25,15.01,20.45,31.13,34.24,33.49,N/A
6,OpenAI,o3,200k,Yes,Yes,Proprietary,Yes,o3-2025-04-16,65,35%,81%,69%,20%,85%,83%,81%,41%,71%,88%,$3.50 ,$2.00 ,$8.00 ,109,83,94,180,236,14.11,14.11,11.21,12.5,14.58,14.95,18.69,N/A
7,xAI,Grok 4,256k,Yes,Yes,Proprietary,Yes,grok-4-0709,65,38%,75%,68%,24%,87%,88%,82%,46%,54%,93%,$6.00 ,$3.00 ,$15.00 ,34,23,31,41,45,20.07,20.07,7.38,10.79,26.69,40.44,34.82,N/A
8,Microsoft Azure,Grok 4,256k,Yes,No,Proprietary,Yes,grok-4,65,38%,75%,68%,24%,87%,88%,82%,46%,54%,93%,$11.00 ,$5.50 ,$27.50 ,66,58,61,71,75,7.36,7.36,6.04,6.63,8.09,8.68,14.92,N/A
9,OpenAI,GPT-5 mini (high),400k,Yes,Yes,Proprietary,Yes,gpt-5-mini-2025-08-07,64,31%,68%,68%,20%,84%,83%,84%,39%,75%,91%,$0.69 ,$0.25 ,$2.00 ,69,62,65,73,77,79.96,79.96,75.16,77.29,128.27,166.92,87.23,N/A
10,Anthropic,Claude 4.5 Sonnet,1m,Yes,Yes,Proprietary,Yes,claude-sonnet-4-5-20250929,63,33%,78%,66%,17%,88%,83%,71%,45%,57%,88%,$6.00 ,$3.00 ,$15.00 ,59,38,53,60,64,2.11,35.92,1.68,1.9,2.22,2.41,44.37,33.81
11,Google (Vertex),Claude 4.5 Sonnet Vertex,1m,Yes,Yes,Proprietary,Yes,claude-sonnet-4-5@20250929,63,33%,78%,66%,17%,88%,83%,71%,45%,57%,88%,$6.00 ,$3.00 ,$15.00 ,52,45,49,54,60,0.82,39.24,0.78,0.8,0.99,1.34,48.85,38.42
12,Amazon Bedrock,Claude 4.5 Sonnet,1m,Yes,No,Proprietary,No,us.anthropic.claude-sonnet-4-5-20250929-v1:0,63,33%,78%,66%,17%,88%,83%,71%,45%,57%,88%,$6.00 ,$3.00 ,$15.00 ,47,26,38,54,61,2.31,44.58,1.97,2.05,2.57,2.66,55.14,42.27
13,Parasail,MiniMax-M2,197k,Yes,No,Open,Yes,MiniMaxAI/MiniMax-M2,61,24%,87%,61%,13%,82%,78%,83%,36%,72%,78%,$0.44 ,$0.25 ,$1.00 ,55,40,54,63,84,0.48,36.93,0.42,0.44,0.53,67.96,46.04,36.44
14,Fireworks,MiniMax-M2,205k,Yes,Yes,Open,Yes,accounts/fireworks/models/minimax-m2,61,24%,87%,61%,13%,82%,78%,83%,36%,72%,78%,$1.20 ,$1.20 ,$1.20 ,78,22,61,90,99,0.69,26.41,0.5,0.56,0.87,0.98,32.84,25.73
15,MiniMax,MiniMax-M2,205k,Yes,No,Open,Yes,M2-preview-1004,61,24%,87%,61%,13%,82%,78%,83%,36%,72%,78%,$0.53 ,$0.30 ,$1.20 ,74,60,71,80,98,1.13,28.12,0.75,0.93,1.52,2.98,34.87,26.99
16,Microsoft Azure,GPT-5 mini (medium),400k,Yes,Yes,Proprietary,Yes,gpt-5-mini,61,27%,71%,66%,15%,83%,80%,69%,41%,71%,85%,$0.69 ,$0.25 ,$2.00 ,84,84,84,84,84,31.74,31.74,31.74,31.74,31.74,31.74,37.72,N/A
17,OpenAI,GPT-5 mini (medium),400k,Yes,Yes,Proprietary,Yes,gpt-5-mini-2025-08-07,61,27%,71%,66%,15%,83%,80%,69%,41%,71%,85%,$0.69 ,$0.25 ,$2.00 ,79,78,79,80,80,30.36,30.36,29.41,29.83,30.89,31.31,36.67,N/A
18,Cerebras,gpt-oss-120B (high),131k,Yes,Yes,Open,Yes,gpt-oss-120b,61,22%,66%,51%,19%,81%,78%,88%,39%,69%,93%,$0.45 ,$0.35 ,$0.75 ,"3,032","2,520","2,964","3,191","3,442",0.26,0.92,0.2,0.22,0.29,0.69,1.08,0.66
19,Databricks,gpt-oss-120B (high),128k,Yes,No,Open,Yes,databricks-gpt-oss-120b,61,22%,66%,51%,19%,81%,78%,88%,39%,69%,93%,$0.26 ,$0.15 ,$0.60 ,196,144,189,205,207,0.66,10.88,0.39,0.57,0.74,1.91,13.44,10.22
20,Parasail,gpt-oss-120B (high),131k,No,Yes,Open,Yes,parasail-gpt-oss-120b,61,22%,66%,51%,19%,81%,78%,88%,39%,69%,93%,$0.26 ,$0.15 ,$0.60 ,209,151,199,334,341,0.55,10.13,0.36,0.47,0.57,1.24,12.52,9.58
21,Cloudflare,gpt-oss-120B (high),128k,No,No,Open,Yes,@cf/openai/gpt-oss-120b,61,22%,66%,51%,19%,81%,78%,88%,39%,69%,93%,$0.45 ,$0.35 ,$0.75 ,133,125,129,134,136,216.07,231.15,74.9,137.65,223.21,228.93,234.91,15.07
22,Novita,gpt-oss-120B (high),131k,Yes,Yes,Open,Yes,openai/gpt-oss-120b,61,22%,66%,51%,19%,81%,78%,88%,39%,69%,93%,$0.20 ,$0.10 ,$0.50 ,197,197,197,197,197,0.65,10.78,0.65,0.65,0.65,0.65,13.32,10.13
23,Nebius Base,gpt-oss-120B (high) Base,128k,Yes,Yes,Open,Yes,openai/gpt-oss-120b,61,22%,66%,51%,19%,81%,78%,88%,39%,69%,93%,$0.26 ,$0.15 ,$0.60 ,191,126,140,195,204,0.56,11.04,0.56,0.56,0.61,0.63,13.65,10.47
24,Baseten,gpt-oss-120B (high),128k,Yes,Yes,Open,Yes,openai/gpt-oss-120b,61,22%,66%,51%,19%,81%,78%,88%,39%,69%,93%,$0.20 ,$0.10 ,$0.50 ,653,321,459,695,730,0.09,3.16,0.07,0.08,0.16,0.48,3.92,3.06
25,Microsoft Azure,gpt-oss-120B (high),131k,Yes,Yes,Open,Yes,gpt-oss-120b,61,22%,66%,51%,19%,81%,78%,88%,39%,69%,93%,$0.26 ,$0.15 ,$0.60 ,355,347,351,401,438,0.44,6.06,0.38,0.4,0.54,0.62,7.47,5.63
26,SambaNova,gpt-oss-120B (high),131k,Yes,Yes,Open,Yes,gpt-oss-120b,61,22%,66%,51%,19%,81%,78%,88%,39%,69%,93%,$0.31 ,$0.22 ,$0.59 ,580,570,576,638,695,0.87,4.32,0.79,0.81,0.94,0.98,5.18,3.45
27,CompactifAI,gpt-oss-120B (high),131k,No,No,Open,Yes,gpt-oss-120b,61,22%,66%,51%,19%,81%,78%,88%,39%,69%,93%,$0.10 ,$0.05 ,$0.23 ,186,186,186,186,187,0.29,11.05,0.27,0.28,0.29,0.32,13.74,10.76
28,Google (Vertex),gpt-oss-120B (high) Vertex,131k,Yes,Yes,Open,Yes,openai/gpt-oss-120b-maas,61,22%,66%,51%,19%,81%,78%,88%,39%,69%,93%,$0.26 ,$0.15 ,$0.60 ,400,199,384,405,407,0.45,5.45,0.4,0.41,0.46,0.56,6.7,5
29,Hyperbolic,gpt-oss-120B (high),131k,Yes,Yes,Open,Yes,openai/gpt-oss-120b,61,22%,66%,51%,19%,81%,78%,88%,39%,69%,93%,$0.30 ,$0.30 ,$0.30 ,391,229,353,400,410,0.71,5.82,0.64,0.65,0.75,0.83,7.1,5.11
30,Amazon Bedrock,gpt-oss-120B (high),131k,Yes,No,Open,No,openai.gpt-oss-120b-1:0,61,22%,66%,51%,19%,81%,78%,88%,39%,69%,93%,$0.26 ,$0.15 ,$0.60 ,236,126,198,284,558,0.59,9.05,0.5,0.56,0.62,0.64,11.16,8.46
31,Together.ai,gpt-oss-120B (high),131k,Yes,Yes,Open,Yes,openai/gpt-oss-120b,61,22%,66%,51%,19%,81%,78%,88%,39%,69%,93%,$0.26 ,$0.15 ,$0.60 ,231,134,208,251,275,0.29,8.96,0.18,0.21,0.36,0.62,11.12,8.67
32,Lightning AI,gpt-oss-120B (high),128k,Yes,Yes,Open,Yes,lightning-ai/gpt-oss-120b,61,22%,66%,51%,19%,81%,78%,88%,39%,69%,93%,$0.17 ,$0.10 ,$0.40 ,329,306,327,331,333,0.23,6.31,0.17,0.19,0.25,0.57,7.83,6.08
33,Deepinfra (Turbo),gpt-oss-120B (high) (Turbo),131k,No,No,Open,Yes,openai/gpt-oss-120b-Turbo,61,22%,66%,51%,19%,81%,78%,88%,39%,69%,93%,$0.26 ,$0.15 ,$0.60 ,418,418,418,418,418,0.38,5.16,0.38,0.38,0.38,0.38,6.36,4.79
34,Fireworks,gpt-oss-120B (high),131k,Yes,Yes,Open,Yes,accounts/fireworks/models/gpt-oss-120b,61,22%,66%,51%,19%,81%,78%,88%,39%,69%,93%,$0.26 ,$0.15 ,$0.60 ,749,637,675,786,"1,005",0.28,2.95,0.23,0.25,0.29,0.71,3.62,2.67
35,Deepinfra,gpt-oss-120B (high),131k,Yes,Yes,Open,Yes,openai/gpt-oss-120b,61,22%,66%,51%,19%,81%,78%,88%,39%,69%,93%,$0.10 ,$0.05 ,$0.27 ,136,136,136,136,136,31.57,46.3,4.16,16.34,46.81,58.99,49.98,14.72
36,Snowflake,gpt-oss-120B (high),131k,No,Yes,Open,No,openai-gpt-oss-120b,61,22%,66%,51%,19%,81%,78%,88%,39%,69%,93%,$0.22 ,$0.22 ,$0.22 ,318,266,310,327,343,0.47,6.76,0.34,0.41,0.58,0.83,8.33,6.29
37,Groq,gpt-oss-120B (high),131k,Yes,Yes,Open,Yes,openai/gpt-oss-120b,61,22%,66%,51%,19%,81%,78%,88%,39%,69%,93%,$0.26 ,$0.15 ,$0.60 ,451,435,449,458,465,0.21,4.64,0.15,0.18,0.22,0.27,5.75,4.43
38,Clarifai,gpt-oss-120B (high),131k,Yes,Yes,Open,Yes,https://clarifai.com/openai/chat-completion/models/gpt-oss-120b,61,22%,66%,51%,19%,81%,78%,88%,39%,69%,93%,$0.16 ,$0.09 ,$0.36 ,608,456,593,897,"1,091",0.24,3.53,0.22,0.23,0.29,0.34,4.35,3.29
39,xAI,Grok 4 Fast,2m,Yes,Yes,Proprietary,Yes,grok-4-fast-reasoning,60,18%,66%,65%,17%,85%,85%,83%,44%,51%,90%,$0.28 ,$0.20 ,$0.50 ,251,148,203,302,381,3.35,3.35,1.24,2.39,7.26,11.81,5.35,N/A
40,Microsoft Azure,Grok 4 Fast,2m,Yes,Yes,Proprietary,Yes,grok-4-fast-reasoning,60,18%,66%,65%,17%,85%,85%,83%,44%,51%,90%,$0.28 ,$0.20 ,$0.50 ,22,21,22,22,23,159.74,159.74,92.78,122.54,196.94,226.7,182.42,N/A
41,Google (Vertex),Gemini 2.5 Pro Vertex,1m,Yes,No,Proprietary,Yes,gemini-2.5-pro,60,25%,54%,66%,21%,86%,84%,80%,43%,49%,88%,$3.44 ,$1.25 ,$10.00 ,135,88,119,157,173,35.59,35.59,20.11,30.93,38.61,44.97,39.28,N/A
42,Google (AI Studio),Gemini 2.5 Pro (AI Studio),1m,Yes,Yes,Proprietary,Yes,gemini-2.5-pro,60,25%,54%,66%,21%,86%,84%,80%,43%,49%,88%,$3.44 ,$1.25 ,$10.00 ,148,104,124,153,157,34.15,34.15,19.33,25.92,37.3,39.82,37.52,N/A
43,Microsoft Azure,o4-mini (high),200k,Yes,No,Proprietary,Yes,o4-mini,60,14%,56%,55%,18%,83%,78%,86%,47%,69%,91%,$1.93 ,$1.10 ,$4.40 ,134,101,115,141,149,22.79,22.79,9.33,15.85,30.31,48.25,26.51,N/A
44,OpenAI,o4-mini (high),200k,Yes,Yes,Proprietary,Yes,o4-mini-2025-04-16,60,14%,56%,55%,18%,83%,78%,86%,47%,69%,91%,$1.93 ,$1.10 ,$4.40 ,94,54,72,113,127,69.03,69.03,53.62,60.47,150.72,216.07,74.35,N/A
45,Anthropic,Claude 4.1 Opus,200k,Yes,Yes,Proprietary,Yes,claude-opus-4-1-20250805,59,32%,71%,66%,12%,88%,81%,65%,41%,55%,80%,$30.00 ,$15.00 ,$75.00 ,43,24,35,47,50,1.64,47.91,1.22,1.5,1.77,3.52,59.48,46.27
46,Google (Vertex),Claude 4.1 Opus Vertex,200k,Yes,Yes,Proprietary,Yes,claude-opus-4-1@20250805,59,32%,71%,66%,12%,88%,81%,65%,41%,55%,80%,$30.00 ,$15.00 ,$75.00 ,31,29,30,39,45,1.54,66.23,1.34,1.43,2.2,2.74,82.4,64.69
47,Amazon Bedrock,Claude 4.1 Opus,200k,Yes,No,Proprietary,No,us.anthropic.claude-opus-4-1-20250805-v1:0,59,32%,71%,66%,12%,88%,81%,65%,41%,55%,80%,$30.00 ,$15.00 ,$75.00 ,15,13,14,16,17,4.06,137.2,3.93,3.99,4.79,5.38,170.48,133.13
48,SambaNova,DeepSeek V3.1 Terminus,128k,Yes,Yes,Open,Yes,DeepSeek-V3.1-Terminus,58,28%,37%,65%,15%,85%,79%,80%,41%,57%,90%,$3.38 ,$3.00 ,$4.50 ,173,162,166,185,203,1.85,13.39,1.38,1.66,3.51,5.39,16.27,11.54
49,Novita (FP8),DeepSeek V3.1 Terminus (FP8),131k,Yes,Yes,Open,Yes,deepseek/deepseek-v3.1-terminus,58,28%,37%,65%,15%,85%,79%,80%,41%,57%,90%,$0.45 ,$0.27 ,$1.00 ,33,30,31,37,39,1.52,61.55,0.93,1.04,2.2,2.82,76.56,60.04
50,Deepinfra (FP8),Qwen3 235B A22B 2507 (FP8),262k,Yes,Yes,Open,Yes,Qwen/Qwen3-235B-A22B-Thinking-2507,57,13%,53%,67%,15%,84%,79%,79%,42%,51%,91%,$0.95 ,$0.30 ,$2.90 ,37,33,35,38,39,0.32,54.34,0.27,0.3,0.36,0.44,67.85,54.02
51,Novita,Qwen3 235B A22B 2507,131k,Yes,No,Open,Yes,qwen/qwen3-235b-a22b-thinking-2507,57,13%,53%,67%,15%,84%,79%,79%,42%,51%,91%,$0.97 ,$0.30 ,$3.00 ,34,27,30,35,35,0.76,58.95,0.68,0.72,1,1.2,73.5,58.2
52,Alibaba Cloud,Qwen3 235B A22B 2507,131k,Yes,Yes,Open,Yes,qwen3-235b-a22b-thinking-2507,57,13%,53%,67%,15%,84%,79%,79%,42%,51%,91%,$2.63 ,$0.70 ,$8.40 ,74,68,74,80,84,1.42,28.39,1.18,1.22,1.59,1.99,35.13,26.97
53,Fireworks,Qwen3 235B A22B 2507,262k,No,Yes,Open,Yes,accounts/fireworks/models/qwen3-235b-a22b-thinking-2507,57,13%,53%,67%,15%,84%,79%,79%,42%,51%,91%,$0.39 ,$0.22 ,$0.88 ,98,66,87,103,114,0.81,21.32,0.67,0.71,0.97,1.18,26.45,20.51
54,Cerebras,Qwen3 235B A22B 2507,131k,Yes,Yes,Open,Yes,qwen-3-235b-a22b-thinking-2507,57,13%,53%,67%,15%,84%,79%,79%,42%,51%,91%,$1.18 ,$0.60 ,$2.90 ,"1,914","1,126","1,652","2,125","2,376",0.25,1.3,0.23,0.24,0.27,0.36,1.56,1.04
55,Together.ai,Qwen3 235B A22B 2507,262k,Yes,No,Open,Yes,Qwen/Qwen3-235B-A22B-Thinking-2507,57,13%,53%,67%,15%,84%,79%,79%,42%,51%,91%,$1.24 ,$0.65 ,$3.00 ,59,43,50,68,75,1.19,35.21,0.99,1.08,1.3,1.39,43.71,34.01
56,Nebius,Qwen3 235B A22B 2507,262k,Yes,Yes,Open,Yes,Qwen/Qwen3-235B-A22B-Thinking-2507,57,13%,53%,67%,15%,84%,79%,79%,42%,51%,91%,$0.35 ,$0.20 ,$0.80 ,57,39,46,66,73,0.58,35.68,0.57,0.58,0.67,7.88,44.46,35.1
57,Hyperbolic (FP8),Qwen3 235B A22B 2507 (FP8),41k,Yes,No,Open,Yes,Qwen/Qwen3-235B-A22B,57,13%,53%,67%,15%,84%,79%,79%,42%,51%,91%,$0.40 ,$0.40 ,$0.40 ,57,47,52,59,63,1.53,36.66,1.24,1.34,1.74,2.73,45.44,35.13
58,xAI Fast,Grok 3 mini Reasoning (high) Fast,131k,Yes,Yes,Proprietary,Yes,grok-3-mini-fast-beta,57,16%,90%,50%,11%,83%,79%,70%,41%,46%,85%,$1.45 ,$0.60 ,$4.00 ,112,86,102,124,137,0.63,18.5,0.48,0.57,0.64,1.04,22.97,17.87
59,xAI,Grok 3 mini Reasoning (high),131k,Yes,Yes,Proprietary,Yes,grok-3-mini-beta,57,16%,90%,50%,11%,83%,79%,70%,41%,46%,85%,$0.35 ,$0.30 ,$0.50 ,108,70,91,120,130,0.54,19.14,0.45,0.51,0.6,0.69,23.78,18.59
60,Microsoft Azure,Grok 3 mini Reasoning (high),32k,Yes,No,Proprietary,Yes,grok-3-mini,57,16%,90%,50%,11%,83%,79%,70%,41%,46%,85%,$0.00 ,$0.00 ,$0.00 ,90,73,80,99,107,0.42,22.7,0.35,0.39,0.46,0.49,28.26,22.27
61,DeepSeek,DeepSeek V3.2 Exp,128k,Yes,Yes,Open,Yes,deepseek-reasoner,57,29%,34%,69%,14%,85%,80%,79%,38%,54%,88%,$0.32 ,$0.28 ,$0.42 ,27,21,25,29,31,0.97,74.75,0.88,0.92,1.23,1.32,93.2,73.78
62,Novita (FP8),DeepSeek V3.2 Exp (FP8),164k,Yes,Yes,Open,Yes,deepseek/deepseek-v3.2-exp,57,29%,34%,69%,14%,85%,80%,79%,38%,54%,88%,$0.30 ,$0.27 ,$0.41 ,33,30,31,33,33,1.24,62.35,0.85,1.02,1.28,1.31,77.62,61.11
63,Google (Vertex),Claude 4 Sonnet Vertex,1m,Yes,Yes,Proprietary,Yes,claude-sonnet-4,57,30%,65%,65%,10%,84%,78%,66%,40%,55%,74%,$6.00 ,$3.00 ,$15.00 ,39,38,39,45,56,1.26,52.06,1.17,1.17,1.66,2.41,64.76,50.8
64,Amazon Bedrock,Claude 4 Sonnet,1m,Yes,No,Proprietary,No,us.anthropic.claude-sonnet-4-20250514-v1:0,57,30%,65%,65%,10%,84%,78%,66%,40%,55%,74%,$6.00 ,$3.00 ,$15.00 ,21,15,18,41,52,1.43,95.07,1.2,1.36,1.44,1.5,118.48,93.64
65,Anthropic,Claude 4 Sonnet,1m,Yes,Yes,Proprietary,Yes,claude-sonnet-4-20250514,57,30%,65%,65%,10%,84%,78%,66%,40%,55%,74%,$6.00 ,$3.00 ,$15.00 ,50,40,45,61,67,1.73,41.58,1.5,1.56,2.07,2.52,51.54,39.85
66,Fireworks,GLM-4.6,203k,Yes,Yes,Open,Yes,accounts/fireworks/models/glm-4p6,56,23%,71%,54%,13%,83%,78%,70%,38%,43%,86%,$0.96 ,$0.55 ,$2.19 ,163,83,106,195,206,0.58,12.87,0.46,0.52,0.71,6.78,15.94,12.29
67,Novita,GLM-4.6,205k,Yes,Yes,Open,Yes,zai-org/glm-4.6,56,23%,71%,54%,13%,83%,78%,70%,38%,43%,86%,$1.00 ,$0.60 ,$2.20 ,80,57,65,92,93,3.49,28.62,0.75,0.78,9.95,18.96,34.9,25.12
68,Parasail (FP8),GLM-4.6 (FP8),203k,Yes,Yes,Open,Yes,zai-org/GLM-4.6-FP8,56,23%,71%,54%,13%,83%,78%,70%,38%,43%,86%,$0.97 ,$0.60 ,$2.10 ,43,32,38,49,57,0.62,47.23,0.51,0.55,0.71,0.84,58.88,46.61
69,Deepinfra (FP4),GLM-4.6 (FP4),203k,Yes,No,Open,Yes,zai-org/GLM-4.6,56,23%,71%,54%,13%,83%,78%,70%,38%,43%,86%,$0.93 ,$0.60 ,$1.90 ,66,41,53,74,81,0.47,30.78,0.3,0.32,0.84,1.9,38.36,30.31
70,Alibaba Cloud,Qwen3 Max,258k,Yes,Yes,Proprietary,Yes,qwen3-max-2025-09-23,55,19%,74%,47%,11%,84%,76%,77%,38%,44%,81%,$2.40 ,$1.20 ,$6.00 ,24,22,23,24,24,3.2,3.2,1.82,2.43,3.46,3.67,23.86,N/A
71,Google (Vertex),Claude 4.5 Haiku Vertex,200k,Yes,Yes,Proprietary,Yes,claude-haiku-4-5@20251001,55,26%,55%,70%,10%,76%,67%,62%,43%,54%,84%,$2.00 ,$1.00 ,$5.00 ,132,80,103,135,139,0.49,15.59,0.48,0.49,0.55,1.72,19.36,15.1
72,Amazon Bedrock,Claude 4.5 Haiku,200k,Yes,No,Proprietary,No,us.anthropic.claude-haiku-4-5-20251001-v1:0,55,26%,55%,70%,10%,76%,67%,62%,43%,54%,84%,$2.00 ,$1.00 ,$5.00 ,65,48,55,88,107,1.17,32.12,0.83,0.98,1.17,1.18,39.86,30.95
73,Anthropic,Claude 4.5 Haiku,200k,Yes,Yes,Proprietary,Yes,claude-haiku-4-5-20251001,55,26%,55%,70%,10%,76%,67%,62%,43%,54%,84%,$2.00 ,$1.00 ,$5.00 ,45,35,40,55,76,0.83,44.89,0.6,0.71,0.98,1.11,55.9,44.06
74,Google (AI Studio),Gemini 2.5 Flash (Sep) (AI Studio),1m,Yes,Yes,Proprietary,Yes,gemini-2.5-flash-preview-09-2025,54,16%,46%,64%,13%,84%,79%,71%,41%,52%,78%,$0.85 ,$0.30 ,$2.50 ,255,198,246,260,269,10.11,10.11,6.56,9.64,13.27,15.91,12.07,N/A
75,Deepinfra (FP8),Qwen3 VL 235B A22B (FP8),262k,Yes,Yes,Open,Yes,Qwen/Qwen3-VL-235B-A22B-Thinking,54,11%,54%,59%,10%,84%,77%,65%,40%,56%,88%,$1.21 ,$0.45 ,$3.49 ,62,62,62,63,64,0.27,32.35,0.24,0.24,0.42,0.69,40.37,32.08
76,Alibaba Cloud,Qwen3 VL 235B A22B,131k,Yes,Yes,Open,Yes,qwen3-vl-235b-a22b-thinking,54,11%,54%,59%,10%,84%,77%,65%,40%,56%,88%,$2.63 ,$0.70 ,$8.40 ,49,47,48,51,52,1.5,41.94,1.2,1.33,1.66,1.79,52.06,40.45
77,Fireworks,Qwen3 VL 235B A22B,262k,Yes,Yes,Open,Yes,accounts/fireworks/models/qwen3-vl-235b-a22b-thinking,54,11%,54%,59%,10%,84%,77%,65%,40%,56%,88%,$1.20 ,$1.20 ,$1.20 ,75,38,67,81,86,0.7,27.22,0.55,0.61,0.82,0.93,33.85,26.52
78,Novita,Qwen3 VL 235B A22B,131k,No,Yes,Open,Yes,qwen/qwen3-vl-235b-a22b-thinking,54,11%,54%,59%,10%,84%,77%,65%,40%,56%,88%,$1.72 ,$0.98 ,$3.95 ,32,30,31,34,35,1.69,63.75,0.83,1.21,2.17,2.55,79.26,62.06
79,Google (Vertex),Qwen3 Next 80B A3B Vertex,262k,Yes,Yes,Open,Yes,qwen/qwen3-next-80b-a3b-thinking-maas,54,9%,42%,60%,12%,82%,76%,78%,39%,61%,84%,$0.41 ,$0.15 ,$1.20 ,314,250,302,320,328,0.5,6.86,0.36,0.44,0.57,0.66,8.46,6.37
80,Novita,Qwen3 Next 80B A3B,131k,Yes,Yes,Open,Yes,qwen/qwen3-next-80b-a3b-thinking,54,9%,42%,60%,12%,82%,76%,78%,39%,61%,84%,$0.49 ,$0.15 ,$1.50 ,178,172,175,181,183,1.03,12.28,0.86,0.94,1.12,1.2,15.1,11.25
81,Hyperbolic,Qwen3 Next 80B A3B,262k,No,Yes,Open,Yes,Qwen/Qwen3-Next-80B-A3B-Thinking,54,9%,42%,60%,12%,82%,76%,78%,39%,61%,84%,$0.30 ,$0.30 ,$0.30 ,277,264,267,297,327,0.65,7.86,0.56,0.59,0.71,1.35,9.66,7.21
82,Alibaba Cloud,Qwen3 Next 80B A3B,262k,Yes,Yes,Open,Yes,qwen3-next-80b-a3b-thinking,54,9%,42%,60%,12%,82%,76%,78%,39%,61%,84%,$1.88 ,$0.50 ,$6.00 ,157,137,146,166,173,1.19,13.89,1.08,1.13,1.52,1.79,17.06,12.7
83,Together.ai,Qwen3 Next 80B A3B,262k,Yes,Yes,Open,Yes,Qwen/Qwen3-Next-80B-A3B-Thinking,54,9%,42%,60%,12%,82%,76%,78%,39%,61%,84%,$0.49 ,$0.15 ,$1.50 ,320,242,272,332,337,0.76,7.01,0.49,0.67,1.46,1.58,8.58,6.26
84,Clarifai,Qwen3 Next 80B A3B,262k,No,No,Open,Yes,https://clarifai.com/qwen/qwen3/models/qwen3-next-80B-A3B-Thinking,54,9%,42%,60%,12%,82%,76%,78%,39%,61%,84%,$1.08 ,$1.09 ,$1.08 ,182,160,175,185,205,0.37,11.39,0.22,0.26,0.48,0.58,14.14,11.01
85,Google (Vertex),Claude 4 Opus Vertex,200k,Yes,Yes,Proprietary,Yes,claude-opus-4,54,29%,71%,34%,12%,87%,80%,64%,40%,54%,73%,$30.00 ,$15.00 ,$75.00 ,27,26,26,30,33,1.68,76.11,1.66,1.67,1.79,1.88,94.71,74.42
86,Amazon Bedrock,Claude 4 Opus,200k,Yes,No,Proprietary,No,us.anthropic.claude-opus-4-20250514-v1:0,54,29%,71%,34%,12%,87%,80%,64%,40%,54%,73%,$30.00 ,$15.00 ,$75.00 ,18,13,14,18,30,3.78,116.75,3.32,3.62,4.11,29.9,144.99,112.97
87,Anthropic,Claude 4 Opus,200k,Yes,Yes,Proprietary,Yes,claude-opus-4-20250514,54,29%,71%,34%,12%,87%,80%,64%,40%,54%,73%,$30.00 ,$15.00 ,$75.00 ,43,31,40,45,51,1.29,47.89,1.1,1.13,1.41,1.83,59.54,46.6
88,Amazon Bedrock,DeepSeek V3.1,128k,Yes,No,Open,No,deepseek.v3-v1:0,54,24%,37%,53%,13%,85%,78%,78%,39%,42%,90%,$0.85 ,$0.58 ,$1.68 ,62,60,61,62,63,0.68,33.11,0.65,0.66,0.69,0.7,41.22,32.44
89,SambaNova,DeepSeek V3.1,128k,Yes,Yes,Open,Yes,DeepSeek-V3.1,54,24%,37%,53%,13%,85%,78%,78%,39%,42%,90%,$3.38 ,$3.00 ,$4.50 ,168,159,165,176,200,2.05,13.96,0.75,1.62,3.2,6.31,16.94,11.91
90,Novita,DeepSeek V3.1,131k,Yes,No,Open,Yes,deepseek/deepseek-v3.1,54,24%,37%,53%,13%,85%,78%,78%,39%,42%,90%,$0.45 ,$0.27 ,$1.00 ,30,28,30,33,44,0.75,66.43,0.68,0.73,1.34,3.87,82.86,65.69
91,CompactifAI,gpt-oss-20B (high),131k,No,No,Open,Yes,gpt-oss-20b,52,10%,60%,34%,10%,75%,69%,78%,34%,65%,89%,$0.05 ,$0.03 ,$0.10 ,256,255,255,256,257,0.25,8.06,0.23,0.24,0.26,0.33,10.02,7.82
92,Novita,gpt-oss-20B (high),131k,No,Yes,Open,Yes,openai/gpt-oss-20b,52,10%,60%,34%,10%,75%,69%,78%,34%,65%,89%,$0.07 ,$0.04 ,$0.15 ,193,143,165,221,243,0.52,10.89,0.46,0.49,0.55,0.58,13.49,10.37
93,Google (Vertex),gpt-oss-20B (high) Vertex,131k,Yes,Yes,Open,Yes,openai/gpt-oss-20b-maas,52,10%,60%,34%,10%,75%,69%,78%,34%,65%,89%,$0.13 ,$0.07 ,$0.30 ,451,277,354,453,456,0.2,4.63,0.15,0.18,0.21,2.19,5.74,4.43
94,Amazon Bedrock,gpt-oss-20B (high),131k,Yes,No,Open,No,openai.gpt-oss-20b-1:0,52,10%,60%,34%,10%,75%,69%,78%,34%,65%,89%,$0.13 ,$0.07 ,$0.30 ,438,303,354,478,594,18.68,23.24,13.94,17.12,23.17,27.22,24.38,4.56
95,Groq,gpt-oss-20B (high),131k,Yes,Yes,Open,Yes,openai/gpt-oss-20b,52,10%,60%,34%,10%,75%,69%,78%,34%,65%,89%,$0.13 ,$0.07 ,$0.30 ,983,956,970,997,"1,008",0.15,2.18,0.13,0.15,0.16,0.21,2.69,2.03
96,Databricks,gpt-oss-20B (high),131k,Yes,No,Open,Yes,databricks-gpt-oss-20b,52,10%,60%,34%,10%,75%,69%,78%,34%,65%,89%,$0.13 ,$0.07 ,$0.30 ,230,111,221,235,237,0.43,9.14,0.32,0.38,0.61,0.89,11.32,8.71
97,Nebius Base,gpt-oss-20B (high) Base,128k,Yes,Yes,Open,Yes,openai/gpt-oss-20b,52,10%,60%,34%,10%,75%,69%,78%,34%,65%,89%,$0.09 ,$0.05 ,$0.20 ,223,162,202,228,229,0.55,9.5,0.54,0.54,0.6,0.73,11.73,8.95
98,Deepinfra,gpt-oss-20B (high),131k,Yes,Yes,Open,Yes,openai/gpt-oss-20b,52,10%,60%,34%,10%,75%,69%,78%,34%,65%,89%,$0.06 ,$0.03 ,$0.14 ,203,146,181,218,222,0.29,10.14,0.18,0.21,0.37,1.14,12.6,9.84
99,Together.ai,gpt-oss-20B (high),131k,Yes,Yes,Open,Yes,openai/gpt-oss-20b,52,10%,60%,34%,10%,75%,69%,78%,34%,65%,89%,$0.09 ,$0.05 ,$0.20 ,192,122,159,216,230,0.31,10.73,0.19,0.23,0.4,0.59,13.34,10.42
100,Cloudflare,gpt-oss-20B (high),128k,Yes,No,Open,Yes,@cf/openai/gpt-oss-20b,52,10%,60%,34%,10%,75%,69%,78%,34%,65%,89%,$0.23 ,$0.20 ,$0.30 ,144,77,122,155,172,75.91,89.8,57.56,58.06,122.36,191.51,93.27,13.89
101,Hyperbolic,gpt-oss-20B (high),131k,No,Yes,Open,Yes,openai/gpt-oss-20b,52,10%,60%,34%,10%,75%,69%,78%,34%,65%,89%,$0.10 ,$0.10 ,$0.10 ,212,121,136,262,283,0.57,10.01,0.45,0.51,0.61,0.67,12.37,9.44
102,Lightning AI,gpt-oss-20B (high),128k,Yes,No,Open,Yes,lightning-ai/gpt-oss-20b,52,10%,60%,34%,10%,75%,69%,78%,34%,65%,89%,$0.09 ,$0.05 ,$0.20 ,313,308,313,313,313,0.22,6.61,0.18,0.2,0.24,0.34,8.21,6.39
103,Mistral,Magistral Medium 1.2,128k,Yes,Yes,Proprietary,No,magistral-medium-2509,52,13%,52%,51%,10%,82%,74%,75%,39%,43%,82%,$2.75 ,$2.00 ,$5.00 ,87,43,77,93,103,0.55,23.6,0.43,0.48,0.61,6.19,29.37,23.05
104,Parasail,DeepSeek R1 0528,164k,Yes,Yes,Open,Yes,parasail-deepseek-r1-0528,52,15%,37%,55%,15%,85%,81%,77%,40%,40%,76%,$1.59 ,$0.79 ,$4.00 ,56,37,46,58,68,0.67,36.64,0.6,0.64,0.75,1.06,45.63,35.97
105,Hyperbolic,DeepSeek R1 0528,164k,Yes,No,Open,Yes,deepseek-ai/DeepSeek-R1-0528,52,15%,37%,55%,15%,85%,81%,77%,40%,40%,76%,$3.00 ,$3.00 ,$3.00 ,51,35,40,53,69,1.32,40.38,0.89,1.04,1.65,36.3,50.15,39.06
106,Nebius,DeepSeek R1 0528,164k,Yes,Yes,Open,Yes,deepseek-ai/DeepSeek-R1-0528,52,15%,37%,55%,15%,85%,81%,77%,40%,40%,76%,$1.20 ,$0.80 ,$2.40 ,29,20,22,36,37,0.69,68.68,0.62,0.66,0.73,0.79,85.68,67.99
107,Deepinfra,DeepSeek R1 0528,164k,Yes,No,Open,Yes,deepseek-ai/DeepSeek-R1-0528,52,15%,37%,55%,15%,85%,81%,77%,40%,40%,76%,$0.91 ,$0.50 ,$2.15 ,39,24,31,48,55,0.4,51.47,0.28,0.33,0.46,0.51,64.24,51.08
108,SambaNova,DeepSeek R1 0528,128k,Yes,Yes,Open,Yes,DeepSeek-R1-0528,52,15%,37%,55%,15%,85%,81%,77%,40%,40%,76%,$5.50 ,$5.00 ,$7.00 ,169,160,161,173,192,1.92,13.76,1.38,1.82,2.72,5.7,16.72,11.84
109,Together.ai (Throughput),DeepSeek R1 0528 (Throughput),164k,Yes,No,Open,Yes,deepseek-ai/DeepSeek-R1-0528-tput,52,15%,37%,55%,15%,85%,81%,77%,40%,40%,76%,$0.96 ,$0.55 ,$2.19 ,41,33,37,41,43,1.35,50.36,0.87,1.08,1.36,1.71,62.61,49.01
110,Google (Vertex),DeepSeek R1 0528 (Vertex),164k,Yes,Yes,Open,Yes,deepseek-ai/deepseek-r1-0528-maas,52,15%,37%,55%,15%,85%,81%,77%,40%,40%,76%,$2.36 ,$1.35 ,$5.40 ,187,142,170,199,214,0.53,11.22,0.24,0.34,1.2,2.44,13.89,10.69
111,Together.ai,DeepSeek R1 0528,164k,Yes,No,Open,Yes,deepseek-ai/DeepSeek-R1,52,15%,37%,55%,15%,85%,81%,77%,40%,40%,76%,$4.00 ,$3.00 ,$7.00 ,254,223,233,278,285,0.54,8.42,0.47,0.49,0.64,0.76,10.39,7.88
112,"Nebius Fast, FP4","DeepSeek R1 0528 Fast, FP4",164k,Yes,Yes,Open,Yes,deepseek-ai/DeepSeek-R1-0528-fast,52,15%,37%,55%,15%,85%,81%,77%,40%,40%,76%,$3.00 ,$2.00 ,$6.00 ,219,154,166,269,276,1.03,10.18,1.01,1.02,1.06,1.09,12.47,9.15
113,Novita,DeepSeek R1 0528,164k,Yes,No,Open,Yes,deepseek/deepseek-r1-0528,52,15%,37%,55%,15%,85%,81%,77%,40%,40%,76%,$1.15 ,$0.70 ,$2.50 ,36,29,33,39,42,1.14,56.73,0.77,0.84,2.09,3.75,70.62,55.59
114,Fireworks Fast,DeepSeek R1 0528 Fast,164k,Yes,Yes,Open,Yes,accounts/fireworks/models/deepseek-r1-0528,52,15%,37%,55%,15%,85%,81%,77%,40%,40%,76%,$4.25 ,$3.00 ,$8.00 ,194,152,181,206,208,0.4,10.69,0.31,0.36,0.5,0.57,13.26,10.29
115,Microsoft Azure,DeepSeek R1 0528,128k,No,No,Open,Yes,DeepSeek-R1-0528,52,15%,37%,55%,15%,85%,81%,77%,40%,40%,76%,$2.36 ,$1.35 ,$5.40 ,100,85,96,102,105,0.69,20.63,0.56,0.61,0.75,0.76,25.61,19.94
116,Alibaba Cloud,Qwen3 VL 32B,131k,Yes,Yes,Open,Yes,qwen3-vl-32b-thinking,52,7%,46%,55%,10%,82%,73%,74%,28%,59%,85%,$2.63 ,$0.70 ,$8.40 ,52,51,52,53,57,1.14,39.57,1.04,1.08,1.3,1.49,49.18,38.43
117,SiliconFlow,Seed-OSS-36B-Instruct,262k,Yes,Yes,Open,Yes,ByteDance-Seed/Seed-OSS-36B-Instruct,52,6%,49%,58%,9%,82%,73%,77%,37%,42%,85%,$0.30 ,$0.21 ,$0.57 ,29,27,28,29,30,1.85,71.27,1.61,1.64,2.61,3.07,88.62,69.42
118,Nebius Base,GLM-4.5 Base,128k,Yes,Yes,Open,Yes,zai-org/GLM-4.5,51,21%,43%,48%,12%,84%,78%,74%,35%,44%,74%,$1.00 ,$0.60 ,$2.20 ,41,30,35,46,50,0.76,49.42,0.65,0.69,1.04,1.72,61.59,48.66
119,Fireworks,GLM-4.5,131k,Yes,Yes,Open,Yes,accounts/fireworks/models/glm-4p5,51,21%,43%,48%,12%,84%,78%,74%,35%,44%,74%,$0.96 ,$0.55 ,$2.19 ,137,132,134,140,148,0.6,15.24,0.45,0.53,0.68,0.78,18.91,14.65
120,Deepinfra,GLM-4.5,131k,Yes,No,Open,Yes,zai-org/GLM-4.5,51,21%,43%,48%,12%,84%,78%,74%,35%,44%,74%,$0.69 ,$0.38 ,$1.60 ,41,35,38,44,46,0.96,50.15,0.7,0.81,1.11,1.23,62.45,49.19
121,SiliconFlow,GLM-4.5,128k,Yes,Yes,Open,Yes,zai-org/GLM-4.5,51,21%,43%,48%,12%,84%,78%,74%,35%,44%,74%,$0.88 ,$0.50 ,$2.00 ,21,21,21,21,21,2.06,97.76,1.73,1.86,19.77,61.95,121.68,95.7
122,Google (AI Studio),Gemini 2.5 Flash (AI Studio),1m,Yes,No,Proprietary,Yes,gemini-2.5-flash,51,13%,32%,62%,11%,83%,79%,70%,39%,50%,73%,$0.85 ,$0.30 ,$2.50 ,246,173,230,260,269,17.69,17.69,11.26,16.63,19.24,20.79,19.72,N/A
123,Google (Vertex),Gemini 2.5 Flash (Vertex),1m,Yes,Yes,Proprietary,Yes,google/gemini-2.5-flash,51,13%,32%,62%,11%,83%,79%,70%,39%,50%,73%,$0.85 ,$0.30 ,$2.50 ,218,161,204,242,285,14.13,14.13,8.44,11.75,22.54,31.34,16.42,N/A
124,OpenAI,GPT-5 nano (high),400k,Yes,Yes,Proprietary,Yes,gpt-5-nano-2025-08-07,51,11%,37%,42%,8%,78%,68%,79%,37%,68%,84%,$0.14 ,$0.05 ,$0.40 ,191,158,173,209,224,68.73,68.73,51.22,59,78.46,86.24,71.35,N/A
125,Parasail,Kimi K2 0905,262k,Yes,Yes,Open,Yes,parasail-kimi-k2-instruct-0905,50,23%,73%,52%,6%,82%,77%,61%,31%,42%,57%,$1.49 ,$0.99 ,$2.99 ,49,18,33,57,68,0.58,0.58,0.51,0.52,0.65,1.53,10.72,N/A
126,Fireworks,Kimi K2 0905,262k,Yes,Yes,Open,Yes,accounts/fireworks/models/kimi-k2-instruct-0905,50,23%,73%,52%,6%,82%,77%,61%,31%,42%,57%,$1.20 ,$1.20 ,$1.20 ,101,85,97,120,130,0.79,0.79,0.61,0.67,0.9,1.17,5.73,N/A
127,Groq,Kimi K2 0905,262k,Yes,Yes,Open,Yes,moonshotai/kimi-k2-instruct-0905,50,23%,73%,52%,6%,82%,77%,61%,31%,42%,57%,$1.50 ,$1.00 ,$3.00 ,292,243,282,306,318,0.25,0.25,0.23,0.23,0.3,0.86,1.96,N/A
128,Baseten (FP4),Kimi K2 0905 (FP4),262k,Yes,Yes,Open,Yes,moonshotai/Kimi-K2-Instruct-0905,50,23%,73%,52%,6%,82%,77%,61%,31%,42%,57%,$1.07 ,$0.60 ,$2.50 ,66,14,51,82,87,0.4,0.4,0.16,0.17,0.71,3.1,7.94,N/A
129,Deepinfra,Kimi K2 0905,262k,Yes,Yes,Open,Yes,moonshotai/Kimi-K2-Instruct-0905,50,23%,73%,52%,6%,82%,77%,61%,31%,42%,57%,$0.88 ,$0.50 ,$2.00 ,30,23,26,36,42,17.07,17.07,2.38,8.91,27.22,35.34,33.94,N/A
130,Together.ai,Kimi K2 0905,262k,Yes,Yes,Open,Yes,moonshotai/Kimi-K2-Instruct-0905,50,23%,73%,52%,6%,82%,77%,61%,31%,42%,57%,$1.50 ,$1.00 ,$3.00 ,47,22,34,48,51,0.39,0.39,0.35,0.37,0.55,1.18,10.94,N/A
131,Novita,Kimi K2 0905,262k,Yes,Yes,Open,Yes,moonshotai/kimi-k2-0905,50,23%,73%,52%,6%,82%,77%,61%,31%,42%,57%,$1.07 ,$0.60 ,$2.50 ,36,33,35,42,56,0.68,0.68,0.64,0.64,1.36,2.93,14.55,N/A